metric,label_a,label_b,n_a,n_b,mean_a,mean_b,diff,cohens_d,cliffs_delta,perm_p,perm_p_holm
spectral_gap,factual,coding,40,40,0.6323428733997652,0.6892514743636509,-0.056908600963885614,-0.48129325293640784,-0.19999999999999996,0.037396260373962605,0.07739226077392261
spectral_gap,factual,reasoning,40,40,0.6323428733997652,0.7330849409850584,-0.10074206758529314,-0.925680425340423,-0.48624999999999996,9.999000099990002e-05,0.0005999400059994001
spectral_gap,factual,hallucination_prone,40,40,0.6323428733997652,0.7513747958462353,-0.1190319224464701,-1.0669178276987998,-0.615,9.999000099990002e-05,0.0005999400059994001
spectral_gap,coding,reasoning,40,40,0.6892514743636509,0.7330849409850584,-0.043833466621407524,-0.5021854370440283,-0.25625,0.025797420257974202,0.07739226077392261
spectral_gap,coding,hallucination_prone,40,40,0.6892514743636509,0.7513747958462353,-0.06212332148258448,-0.6851305254258475,-0.39375000000000004,0.0034996500349965005,0.013998600139986002
spectral_gap,reasoning,hallucination_prone,40,40,0.7330849409850584,0.7513747958462353,-0.018289854861176957,-0.23446961013591194,-0.14875000000000005,0.3030696930306969,0.3030696930306969
