metric,label_a,label_b,n_a,n_b,mean_a,mean_b,diff,cohens_d,cliffs_delta,perm_p,perm_p_holm
top1_prob,factual,coding,40,40,0.4481526754796505,0.2694822929799557,0.1786703824996948,0.9778008861748656,0.4950000000000001,9.999000099990002e-05,0.0005999400059994001
top1_prob,factual,reasoning,40,40,0.4481526754796505,0.20307017136365174,0.24508250411599874,1.5666960800451537,0.6825000000000001,9.999000099990002e-05,0.0005999400059994001
top1_prob,factual,hallucination_prone,40,40,0.4481526754796505,0.2144906289875507,0.2336620464920998,1.5579282482334287,0.6399999999999999,9.999000099990002e-05,0.0005999400059994001
top1_prob,coding,reasoning,40,40,0.2694822929799557,0.20307017136365174,0.06641212161630394,0.5290550500037192,0.25750000000000006,0.0198980101989801,0.0596940305969403
top1_prob,coding,hallucination_prone,40,40,0.2694822929799557,0.2144906289875507,0.05499166399240499,0.46843797864105796,0.14749999999999996,0.039996000399960006,0.07999200079992001
top1_prob,reasoning,hallucination_prone,40,40,0.20307017136365174,0.2144906289875507,-0.011420457623898955,-0.16376209058049604,-0.14375000000000004,0.46965303469653036,0.46965303469653036
