metric,label_a,label_b,n_a,n_b,mean_a,mean_b,diff,cohens_d,cliffs_delta,perm_p,perm_p_holm
chi_fisher_along_hidden_lead,factual,coding,40,40,23.08218867217255,30.37588910956655,-7.293700437394001,-0.46628701975308484,-0.235,0.038196180381961806,0.07639236076392361
chi_fisher_along_hidden_lead,factual,reasoning,40,40,23.08218867217255,14.14381183869249,8.93837683348006,0.8248515866384616,0.33499999999999996,0.00039996000399960006,0.0015998400159984002
chi_fisher_along_hidden_lead,factual,hallucination_prone,40,40,23.08218867217255,18.901667556776115,4.180521115396434,0.3490365946317073,0.12749999999999995,0.1192880711928807,0.1192880711928807
chi_fisher_along_hidden_lead,coding,reasoning,40,40,30.37588910956655,14.14381183869249,16.23207727087406,1.3182879178233597,0.7275,9.999000099990002e-05,0.0005999400059994001
chi_fisher_along_hidden_lead,coding,hallucination_prone,40,40,30.37588910956655,18.901667556776115,11.474221552790436,0.8609012128161773,0.44625000000000004,0.00019998000199980003,0.000999900009999
chi_fisher_along_hidden_lead,reasoning,hallucination_prone,40,40,14.14381183869249,18.901667556776115,-4.757855718083626,-0.6702453297615515,-0.31499999999999995,0.0031996800319968005,0.009599040095990401
