metric,label_a,label_b,n_a,n_b,mean_a,mean_b,diff,cohens_d,cliffs_delta,perm_p,perm_p_holm
lambda_bulk_pred,factual,coding,40,40,0.09386084487676036,0.09161007965119476,0.0022507652255655958,0.6841993037246116,0.37749999999999995,0.0031996800319968005,0.009599040095990401
lambda_bulk_pred,factual,reasoning,40,40,0.09386084487676036,0.08564640427095667,0.008214440605803688,2.6666199973141334,0.9325000000000001,9.999000099990002e-05,0.0005999400059994001
lambda_bulk_pred,factual,hallucination_prone,40,40,0.09386084487676036,0.09311865634852759,0.0007421885282327678,0.2359482550362605,0.16625,0.29257074292570745,0.29257074292570745
lambda_bulk_pred,coding,reasoning,40,40,0.09161007965119476,0.08564640427095667,0.005963675380238093,1.974986404780986,0.8374999999999999,9.999000099990002e-05,0.0005999400059994001
lambda_bulk_pred,coding,hallucination_prone,40,40,0.09161007965119476,0.09311865634852759,-0.001508576697332828,-0.488849378623408,-0.31499999999999995,0.032396760323967606,0.06479352064793521
lambda_bulk_pred,reasoning,hallucination_prone,40,40,0.08564640427095667,0.09311865634852759,-0.007472252077570921,-2.6108827301288,-0.9125,9.999000099990002e-05,0.0005999400059994001
