metric,label_a,label_b,n_a,n_b,mean_a,mean_b,diff,cohens_d,cliffs_delta,perm_p,perm_p_holm
top1_prob,factual,coding,200,200,0.49078392557799816,0.4146516352519393,0.07613229032605884,0.38803616809325947,0.20894999999999997,0.00039996000399960006,0.0005999400059994001
top1_prob,factual,reasoning,200,200,0.49078392557799816,0.1827085578069091,0.30807536777108907,1.9903115432966467,0.86775,9.999000099990002e-05,0.0005999400059994001
top1_prob,factual,hallucination_prone,200,200,0.49078392557799816,0.21437497321516275,0.2764089523628354,1.7926384631360377,0.7970999999999999,9.999000099990002e-05,0.0005999400059994001
top1_prob,coding,reasoning,200,200,0.4146516352519393,0.1827085578069091,0.23194307744503023,1.6686844495064719,0.7670999999999999,9.999000099990002e-05,0.0005999400059994001
top1_prob,coding,hallucination_prone,200,200,0.4146516352519393,0.21437497321516275,0.20027666203677658,1.447785216472939,0.6716500000000001,9.999000099990002e-05,0.0005999400059994001
top1_prob,reasoning,hallucination_prone,200,200,0.1827085578069091,0.21437497321516275,-0.031666415408253656,-0.46683499734247713,-0.32785,9.999000099990002e-05,0.0005999400059994001
