metric,label_a,label_b,n_a,n_b,mean_a,mean_b,diff,cohens_d,cliffs_delta,perm_p,perm_p_holm
ftle_final,factual,coding,200,200,0.09326347841930824,0.08804439107717937,0.005219087342128864,1.2763598137559948,0.6642999999999999,9.999000099990002e-05,0.0005999400059994001
ftle_final,factual,reasoning,200,200,0.09326347841930824,0.08453214572120409,0.008731332698104152,2.0758195644968596,0.8716999999999999,9.999000099990002e-05,0.0005999400059994001
ftle_final,factual,hallucination_prone,200,200,0.09326347841930824,0.0895118280323407,0.0037516503869675366,0.9245541432956649,0.5293000000000001,9.999000099990002e-05,0.0005999400059994001
ftle_final,coding,reasoning,200,200,0.08804439107717937,0.08453214572120409,0.003512245355975288,0.96434628626934,0.4961,9.999000099990002e-05,0.0005999400059994001
ftle_final,coding,hallucination_prone,200,200,0.08804439107717937,0.0895118280323407,-0.0014674369551613275,-0.4229367101923517,-0.25595,9.999000099990002e-05,0.0005999400059994001
ftle_final,reasoning,hallucination_prone,200,200,0.08453214572120409,0.0895118280323407,-0.004979682311136616,-1.3805670184937346,-0.6730499999999999,9.999000099990002e-05,0.0005999400059994001
