metric,label_a,label_b,n_a,n_b,mean_a,mean_b,diff,cohens_d,cliffs_delta,perm_p,perm_p_holm
expansive_frac,factual,coding,200,200,0.9182258064516128,0.9124395161290322,0.005786290322580601,0.27584423516368384,0.20087499999999991,0.0047995200479952005,0.009599040095990401
expansive_frac,factual,reasoning,200,200,0.9182258064516128,0.9083870967741936,0.009838709677419177,0.5128634461890461,0.330325,9.999000099990002e-05,0.0005999400059994001
expansive_frac,factual,hallucination_prone,200,200,0.9182258064516128,0.9266733870967743,-0.00844758064516149,-0.4500484077264804,-0.21142499999999997,9.999000099990002e-05,0.0005999400059994001
expansive_frac,coding,reasoning,200,200,0.9124395161290322,0.9083870967741936,0.004052419354838577,0.21697124636541412,0.10299999999999998,0.030496950304969503,0.030496950304969503
expansive_frac,coding,hallucination_prone,200,200,0.9124395161290322,0.9266733870967743,-0.01423387096774209,-0.7798420608608566,-0.43062500000000004,9.999000099990002e-05,0.0005999400059994001
expansive_frac,reasoning,hallucination_prone,200,200,0.9083870967741936,0.9266733870967743,-0.018286290322580667,-1.1315775125475012,-0.5826,9.999000099990002e-05,0.0005999400059994001
