,sigma_max,sigma_max,lambda_max,lambda_max,lambda_bulk_pred,lambda_bulk_pred,stable_rank,stable_rank,spectral_gap,spectral_gap,participation_ratio_topk,participation_ratio_topk,leading_over_rms,leading_over_rms,conv_residual,conv_residual,entropy,entropy,top1_prob,top1_prob,chi_fisher_max,chi_fisher_max,chi_fisher_along_hidden_lead,chi_fisher_along_hidden_lead,lead_alignment,lead_alignment
,mean,std,mean,std,mean,std,mean,std,mean,std,mean,std,mean,std,mean,std,mean,std,mean,std,mean,std,mean,std,mean,std
label,,,,,,,,,,,,,,,,,,,,,,,,,,
coding,226.29497,95.50977,0.48568,0.03721,0.14413,0.02344,2.5777,1.25495,0.58497,0.23333,2.05264,0.57805,44.41398,13.03681,0.00383,0.01086,5.68281,0.36537,0.25361,0.04811,11.40366,9.12775,10.4164,9.50884,0.81909,0.25558
factual,181.32003,94.14119,0.46376,0.03966,0.15432,0.0265,5.39614,3.42181,0.76213,0.15215,2.52197,0.39569,31.31303,8.87951,0.00223,0.0027,5.19713,0.86126,0.27346,0.10976,4.35045,3.1633,3.20241,3.46155,0.49789,0.3798
hallucination_prone,108.8131,15.7416,0.42546,0.01288,0.11912,0.01285,5.10374,1.40276,0.81699,0.07595,2.72484,0.14729,29.41355,4.7439,0.00201,0.00411,4.93764,0.14151,0.29576,0.04248,2.35191,0.53364,0.84398,0.3992,0.30416,0.20953
reasoning,179.76749,163.87331,0.44949,0.05964,0.12824,0.03001,4.19788,2.00492,0.72147,0.24473,2.32789,0.61034,36.88633,16.85652,0.00277,0.00417,5.03441,0.76145,0.28713,0.05162,5.11832,7.75985,4.01565,7.22253,0.61725,0.35845
