label,count,mean,std,median,min,max
factual,40,36.75,0.9805806756909212,37.0,35,38
coding,40,36.75,0.9805806756909212,37.0,35,38
reasoning,40,36.75,0.9805806756909212,37.0,35,38
hallucination_prone,40,36.75,0.9805806756909212,37.0,35,38
