metric,label_a,label_b,n_a,n_b,mean_a,mean_b,diff,cohens_d,cliffs_delta,perm_p,perm_p_holm
spectral_gap,factual,coding,40,40,0.7960816017197627,0.7679075387557696,0.028174062963993163,0.20458698736211836,0.16999999999999993,0.36976302369763026,0.836016398360164
spectral_gap,factual,reasoning,40,40,0.7960816017197627,0.737494531760176,0.058587069959586735,0.4279698061724036,0.29000000000000004,0.0627937206279372,0.2511748825117488
spectral_gap,factual,hallucination_prone,40,40,0.7960816017197627,0.8240974488039413,-0.02801584708417859,-0.23938800701637514,0.004999999999999893,0.29287071292870714,0.836016398360164
spectral_gap,coding,reasoning,40,40,0.7679075387557696,0.737494531760176,0.030413006995593572,0.24186518822173694,0.13624999999999998,0.2786721327867213,0.836016398360164
spectral_gap,coding,hallucination_prone,40,40,0.7679075387557696,0.8240974488039413,-0.056189910048171754,-0.5415052605009444,-0.23624999999999996,0.0165983401659834,0.082991700829917
spectral_gap,reasoning,hallucination_prone,40,40,0.737494531760176,0.8240974488039413,-0.08660291704376533,-0.8434256023850932,-0.39125,0.00019998000199980003,0.0011998800119988001
