metric,label_a,label_b,n_a,n_b,mean_a,mean_b,diff,cohens_d,cliffs_delta,perm_p,perm_p_holm
chi_fisher_max,factual,coding,40,40,31.651295324604185,34.895054649942146,-3.2437593253379617,-0.20983271430930814,-0.04749999999999999,0.34666533346665335,0.34666533346665335
chi_fisher_max,factual,reasoning,40,40,31.651295324604185,17.863412685595215,13.78788263900897,1.3526283225147622,0.6512500000000001,9.999000099990002e-05,0.0005999400059994001
chi_fisher_max,factual,hallucination_prone,40,40,31.651295324604185,23.590097660465418,8.061197664138767,0.7011586426740523,0.3812500000000001,0.0022997700229977,0.005099490050994901
chi_fisher_max,coding,reasoning,40,40,34.895054649942146,17.863412685595215,17.03164196434693,1.3062790864537384,0.70625,9.999000099990002e-05,0.0005999400059994001
chi_fisher_max,coding,hallucination_prone,40,40,34.895054649942146,23.590097660465418,11.304956989476729,0.8028575253525745,0.42500000000000004,0.00039996000399960006,0.0015998400159984002
chi_fisher_max,reasoning,hallucination_prone,40,40,17.863412685595215,23.590097660465418,-5.726684974870203,-0.7203344708015599,-0.34624999999999995,0.0016998300169983002,0.005099490050994901
