metric,label_a,label_b,n_a,n_b,mean_a,mean_b,diff,cohens_d,cliffs_delta,perm_p,perm_p_holm
lambda_max,factual,coding,40,40,0.136297311344249,0.13908136182927372,-0.002784050485024725,-0.464499004966949,-0.24875000000000003,0.041495850414958506,0.12448755124487551
lambda_max,factual,reasoning,40,40,0.136297311344249,0.13291000685636384,0.0033873044878851566,0.56249844635111,0.4112499999999999,0.013498650134986502,0.05399460053994601
lambda_max,factual,hallucination_prone,40,40,0.136297311344249,0.13451616679772704,0.001781144546521951,0.3941285346102926,0.26125,0.0821917808219178,0.1643835616438356
lambda_max,coding,reasoning,40,40,0.13908136182927372,0.13291000685636384,0.0061713549729098816,0.9277550343332286,0.5387500000000001,0.00019998000199980003,0.0011998800119988001
lambda_max,coding,hallucination_prone,40,40,0.13908136182927372,0.13451616679772704,0.004565195031546676,0.8565222501996201,0.45124999999999993,0.00039996000399960006,0.001999800019998
lambda_max,reasoning,hallucination_prone,40,40,0.13291000685636384,0.13451616679772704,-0.0016061599413632055,-0.2995648286974817,-0.20999999999999996,0.17688231176882313,0.17688231176882313
