metric,label_a,label_b,n_a,n_b,mean_a,mean_b,diff,cohens_d,cliffs_delta,perm_p,perm_p_holm
stable_rank,factual,coding,40,40,4.258017167402376,3.561540647365993,0.6964765200363829,0.7192010742338555,0.385,0.0020997900209979003,0.008399160083991601
stable_rank,factual,reasoning,40,40,4.258017167402376,3.8744104254418916,0.3836067419604845,0.39945423897189725,0.24875000000000003,0.0806919308069193,0.1613838616138386
stable_rank,factual,hallucination_prone,40,40,4.258017167402376,4.8697104723423,-0.6116933049399238,-0.603572806803279,-0.25375000000000003,0.008099190080991902,0.024297570242975707
stable_rank,coding,reasoning,40,40,3.561540647365993,3.8744104254418916,-0.31286977807589844,-0.37865803860207037,-0.24,0.09099090090990901,0.1613838616138386
stable_rank,coding,hallucination_prone,40,40,3.561540647365993,4.8697104723423,-1.3081698249763067,-1.4740790187071735,-0.72125,9.999000099990002e-05,0.0005999400059994001
stable_rank,reasoning,hallucination_prone,40,40,3.8744104254418916,4.8697104723423,-0.9953000469004083,-1.1327873448051564,-0.5625,0.00019998000199980003,0.000999900009999
