metric,label_a,label_b,n_a,n_b,mean_a,mean_b,diff,cohens_d,cliffs_delta,perm_p,perm_p_holm
sigma_max,factual,coding,40,40,79.46580048133285,87.72643805190918,-8.260637570576336,-0.46808307625047285,-0.24875000000000003,0.0380961903809619,0.12358764123587641
sigma_max,factual,reasoning,40,40,79.46580048133285,72.0082729023872,7.457527578945644,0.48924114884355446,0.4112499999999999,0.030896910308969103,0.12358764123587641
sigma_max,factual,hallucination_prone,40,40,79.46580048133285,74.52512289548852,4.940677585844327,0.43598713606505773,0.26125,0.055394460553944605,0.12358764123587641
sigma_max,coding,reasoning,40,40,87.72643805190918,72.0082729023872,15.71816514952198,0.8203833884454099,0.5387500000000001,0.00029997000299970003,0.0014998500149985001
sigma_max,coding,hallucination_prone,40,40,87.72643805190918,74.52512289548852,13.201315156420662,0.81378793898387,0.45124999999999993,9.999000099990002e-05,0.0005999400059994001
sigma_max,reasoning,hallucination_prone,40,40,72.0082729023872,74.52512289548852,-2.5168499931013173,-0.1855139791005472,-0.20999999999999996,0.41075892410758924,0.41075892410758924
