metric,label_a,label_b,n_a,n_b,mean_a,mean_b,diff,cohens_d,cliffs_delta,perm_p,perm_p_holm
lambda_bulk_pred,factual,coding,40,40,-0.005230125939439387,-0.0051469555665576575,-8.317037288172943e-05,-0.02340152193643723,0.05125000000000002,0.9196080391960804,1.0
lambda_bulk_pred,factual,reasoning,40,40,-0.005230125939439387,-0.009905231258881078,0.0046751053194416916,1.3800120608751587,0.6675,9.999000099990002e-05,0.0005999400059994001
lambda_bulk_pred,factual,hallucination_prone,40,40,-0.005230125939439387,-0.004626883004660845,-0.0006032429347785423,-0.21092315577800014,-0.10624999999999996,0.3464653534646535,1.0
lambda_bulk_pred,coding,reasoning,40,40,-0.0051469555665576575,-0.009905231258881078,0.004758275692323421,1.2527343714671428,0.65375,9.999000099990002e-05,0.0005999400059994001
lambda_bulk_pred,coding,hallucination_prone,40,40,-0.0051469555665576575,-0.004626883004660845,-0.0005200725618968128,-0.15588829955367178,-0.19999999999999996,0.48965103489651035,1.0
lambda_bulk_pred,reasoning,hallucination_prone,40,40,-0.009905231258881078,-0.004626883004660845,-0.005278348254220234,-1.6712074730128197,-0.74125,9.999000099990002e-05,0.0005999400059994001
