metric,label_a,label_b,n_a,n_b,mean_a,mean_b,diff,cohens_d,cliffs_delta,perm_p,perm_p_holm
chi_fisher_along_hidden_lead,factual,coding,40,40,13.984175841308451,24.728512450826347,-10.744336609517896,-0.7055710742131944,-0.37250000000000005,0.001999800019998,0.0047995200479952005
chi_fisher_along_hidden_lead,factual,reasoning,40,40,13.984175841308451,5.4374390092958516,8.546736832012598,0.9185570836147968,0.5674999999999999,9.999000099990002e-05,0.0005999400059994001
chi_fisher_along_hidden_lead,factual,hallucination_prone,40,40,13.984175841308451,6.628987861221806,7.355187980086645,0.732584606826309,0.5149999999999999,0.0015998400159984002,0.0047995200479952005
chi_fisher_along_hidden_lead,coding,reasoning,40,40,24.728512450826347,5.4374390092958516,19.291073441530497,1.439534061139567,0.77125,9.999000099990002e-05,0.0005999400059994001
chi_fisher_along_hidden_lead,coding,hallucination_prone,40,40,24.728512450826347,6.628987861221806,18.099524589604542,1.3000968752851159,0.71625,9.999000099990002e-05,0.0005999400059994001
chi_fisher_along_hidden_lead,reasoning,hallucination_prone,40,40,5.4374390092958516,6.628987861221806,-1.1915488519259547,-0.17109733300176938,-0.14875000000000005,0.45525447455254475,0.45525447455254475
