metric,label_a,label_b,n_a,n_b,mean_a,mean_b,diff,cohens_d,cliffs_delta,perm_p,perm_p_holm
lead_alignment,factual,coding,40,40,0.5182857480248171,0.7447426297306696,-0.22645688170585254,-0.8068042007915096,-0.475,0.000999900009999,0.003999600039996
lead_alignment,factual,reasoning,40,40,0.5182857480248171,0.3548881382941315,0.16339760973068557,0.5749663690708368,0.32000000000000006,0.012398760123987601,0.024797520247975203
lead_alignment,factual,hallucination_prone,40,40,0.5182857480248171,0.3110289189208927,0.2072568291039244,0.7405359357684774,0.39874999999999994,0.0016998300169983002,0.005099490050994901
lead_alignment,coding,reasoning,40,40,0.7447426297306696,0.3548881382941315,0.3898544914365381,1.5299725802793975,0.7224999999999999,9.999000099990002e-05,0.0005999400059994001
lead_alignment,coding,hallucination_prone,40,40,0.7447426297306696,0.3110289189208927,0.43371371080977694,1.73490374517014,0.7549999999999999,9.999000099990002e-05,0.0005999400059994001
lead_alignment,reasoning,hallucination_prone,40,40,0.3548881382941315,0.3110289189208927,0.043859219373238834,0.17272902638759235,0.09499999999999997,0.44275572442755723,0.44275572442755723
