label,mean_entropy,mean_top1_prob,mean_sigma_max,mean_stable_rank,mean_spectral_gap,mean_chi_fisher_max,mean_lambda_bulk_pred,mean_lambda_max,diff_entropy,diff_top1_prob,diff_sigma_max,diff_stable_rank,diff_spectral_gap,diff_chi_fisher_max,diff_lambda_bulk_pred,diff_lambda_max
factual,0.7936723450198769,0.8031528949737549,914.67053009395,3.4987114575476874,0.6234736380250888,1110.9471525879922,0.09618977274844541,0.29516681627897434,0.0,0.0,0.0,0.0,0.0,0.0,0.0,0.0
coding,1.6978848546743393,0.42052297927439214,704.2506531954939,4.5393840883958525,0.7741263987519854,1330.0067657539967,0.09168363054139614,0.284724885373933,0.9042125096544623,-0.3826299156993627,-210.4198768984561,1.040672630848165,0.1506527607268966,219.0596131660045,-0.004506142207049271,-0.010441930905041363
reasoning,1.1233264356851578,0.6589414961636066,717.3131088391121,4.114984549884181,0.7666139276099491,2045.1515624568092,0.09078755409241235,0.285692364754618,0.32965409066528084,-0.14421139881014822,-197.35742125483785,0.6162730923364932,0.14314028958486025,934.204409868817,-0.0054022186560330615,-0.009474451524356331
hallucination_prone,2.0973174393177034,0.41656792126595976,865.3405744442807,4.1285241242282265,0.6839349822553362,2848.84530094674,0.09747218040550595,0.2931008978119578,1.3036450942978264,-0.3865849737077951,-49.32995564966927,0.629812666680539,0.060461344230247405,1737.8981483587477,0.0012824076570605442,-0.0020659184670165365
