label,count,mean,std,median,min,max
factual,40,35.75,0.9805806756909212,36.0,34,37
coding,40,35.75,0.9805806756909212,36.0,34,37
reasoning,40,35.75,0.9805806756909212,36.0,34,37
hallucination_prone,40,35.75,0.9805806756909212,36.0,34,37
