metric,label_a,label_b,n_a,n_b,mean_a,mean_b,diff,cohens_d,cliffs_delta,perm_p,perm_p_holm
entropy,factual,coding,40,40,0.7936723450198769,1.6978848546743393,-0.9042125096544623,-1.6574115045308682,-0.7375,9.999000099990002e-05,0.0005999400059994001
entropy,factual,reasoning,40,40,0.7936723450198769,1.1233264356851578,-0.32965409066528084,-0.6595236819076686,-0.34750000000000003,0.0038996100389961006,0.0038996100389961006
entropy,factual,hallucination_prone,40,40,0.7936723450198769,2.0973174393177034,-1.3036450942978264,-2.4976417104703086,-0.91125,9.999000099990002e-05,0.0005999400059994001
entropy,coding,reasoning,40,40,1.6978848546743393,1.1233264356851578,0.5745584189891815,1.5536214332675025,0.7637499999999999,9.999000099990002e-05,0.0005999400059994001
entropy,coding,hallucination_prone,40,40,1.6978848546743393,2.0973174393177034,-0.3994325846433642,-1.0005798695310972,-0.6174999999999999,9.999000099990002e-05,0.0005999400059994001
entropy,reasoning,hallucination_prone,40,40,1.1233264356851578,2.0973174393177034,-0.9739910036325456,-2.9160141078855104,-0.98375,9.999000099990002e-05,0.0005999400059994001
