metric,label_a,label_b,n_a,n_b,mean_a,mean_b,diff,cohens_d,cliffs_delta,perm_p,perm_p_holm
lambda_max,factual,coding,40,40,0.29516681627897434,0.284724885373933,0.010441930905041363,1.2525874936334416,0.665,9.999000099990002e-05,0.0005999400059994001
lambda_max,factual,reasoning,40,40,0.29516681627897434,0.28569236475461796,0.009474451524356386,1.1970144933174536,0.6625000000000001,9.999000099990002e-05,0.0005999400059994001
lambda_max,factual,hallucination_prone,40,40,0.29516681627897434,0.29310089781195775,0.002065918467016592,0.2121060003302695,0.10499999999999998,0.34536546345365465,0.6907309269073093
lambda_max,coding,reasoning,40,40,0.284724885373933,0.28569236475461796,-0.0009674793806849769,-0.19316019366161874,-0.22499999999999998,0.3892610738926107,0.6907309269073093
lambda_max,coding,hallucination_prone,40,40,0.284724885373933,0.29310089781195775,-0.008376012438024771,-1.1064560838722772,-0.5587500000000001,9.999000099990002e-05,0.0005999400059994001
lambda_max,reasoning,hallucination_prone,40,40,0.28569236475461796,0.29310089781195775,-0.0074085330573397945,-1.0429236631387053,-0.47624999999999995,9.999000099990002e-05,0.0005999400059994001
