metric,label_a,label_b,n_a,n_b,mean_a,mean_b,diff,cohens_d,cliffs_delta,perm_p,perm_p_holm
ftle_final,factual,coding,200,200,0.09324586086792451,0.08514679505940348,0.00809906580852103,1.3348619466672091,0.6676500000000001,9.999000099990002e-05,0.0005999400059994001
ftle_final,factual,reasoning,200,200,0.09324586086792451,0.08654031144931712,0.00670554941860739,1.0662941995246604,0.55955,9.999000099990002e-05,0.0005999400059994001
ftle_final,factual,hallucination_prone,200,200,0.09324586086792451,0.09244083825346727,0.0008050226144572376,0.12704533693069747,0.035800000000000054,0.19588041195880412,0.19588041195880412
ftle_final,coding,reasoning,200,200,0.08514679505940348,0.08654031144931712,-0.0013935163899136405,-0.24626667808750116,-0.14249999999999996,0.013798620137986202,0.027597240275972403
ftle_final,coding,hallucination_prone,200,200,0.08514679505940348,0.09244083825346727,-0.007294043194063793,-1.2770359131474527,-0.63825,9.999000099990002e-05,0.0005999400059994001
ftle_final,reasoning,hallucination_prone,200,200,0.08654031144931712,0.09244083825346727,-0.005900526804150152,-0.9923099283708179,-0.5338499999999999,9.999000099990002e-05,0.0005999400059994001
