metric,label_a,label_b,n_a,n_b,mean_a,mean_b,diff,cohens_d,cliffs_delta,perm_p,perm_p_holm
lambda_bulk_pred,factual,coding,40,40,0.09618977274844541,0.09168363054139614,0.004506142207049271,0.728160325443081,0.375,0.0010998900109989002,0.0032996700329967006
lambda_bulk_pred,factual,reasoning,40,40,0.09618977274844541,0.09078755409241236,0.005402218656033048,0.9147119499837117,0.4424999999999999,9.999000099990002e-05,0.0005999400059994001
lambda_bulk_pred,factual,hallucination_prone,40,40,0.09618977274844541,0.09747218040550595,-0.0012824076570605442,-0.2063890570477501,-0.1925,0.36706329367063295,0.6901309869013099
lambda_bulk_pred,coding,reasoning,40,40,0.09168363054139614,0.09078755409241236,0.0008960764489837764,0.20861766431923184,0.11375000000000002,0.34506549345065496,0.6901309869013099
lambda_bulk_pred,coding,hallucination_prone,40,40,0.09168363054139614,0.09747218040550595,-0.005788549864109815,-1.2291645880642643,-0.60625,9.999000099990002e-05,0.0005999400059994001
lambda_bulk_pred,reasoning,hallucination_prone,40,40,0.09078755409241236,0.09747218040550595,-0.006684626313093592,-1.5432720230980854,-0.6975,9.999000099990002e-05,0.0005999400059994001
