metric,label_a,label_b,n_a,n_b,mean_a,mean_b,diff,cohens_d,cliffs_delta,perm_p,perm_p_holm
entropy,factual,coding,200,200,0.8343364717811346,1.5646412977576256,-0.730304825976491,-1.388736712967286,-0.6382,9.999000099990002e-05,0.0005999400059994001
entropy,factual,reasoning,200,200,0.8343364717811346,1.3543988950923085,-0.5200624233111739,-0.7483442831638889,-0.40264999999999995,9.999000099990002e-05,0.0005999400059994001
entropy,factual,hallucination_prone,200,200,0.8343364717811346,1.951437425017357,-1.1171009532362224,-2.165445294567406,-0.83975,9.999000099990002e-05,0.0005999400059994001
entropy,coding,reasoning,200,200,1.5646412977576256,1.3543988950923085,0.21024240266531713,0.36530111681085997,0.2762,0.00039996000399960006,0.0005999400059994001
entropy,coding,hallucination_prone,200,200,1.5646412977576256,1.951437425017357,-0.38679612725973134,-1.1435458151070164,-0.59885,9.999000099990002e-05,0.0005999400059994001
entropy,reasoning,hallucination_prone,200,200,1.3543988950923085,1.951437425017357,-0.5970385299250485,-1.0540785699395574,-0.4888,9.999000099990002e-05,0.0005999400059994001
