metric,label_a,label_b,n_a,n_b,mean_a,mean_b,diff,cohens_d,cliffs_delta,perm_p,perm_p_holm
stable_rank,factual,coding,40,40,3.498711457547688,4.5393840883958525,-1.0406726308481646,-1.1820159078286796,-0.60375,9.999000099990002e-05,0.0005999400059994001
stable_rank,factual,reasoning,40,40,3.498711457547688,4.1149845498841815,-0.6162730923364936,-0.8576845495174698,-0.47,0.00029997000299970003,0.0014998500149985001
stable_rank,factual,hallucination_prone,40,40,3.498711457547688,4.128524124228226,-0.6298126666805377,-0.598192301494539,-0.30500000000000005,0.009299070092990702,0.031196880311968805
stable_rank,coding,reasoning,40,40,4.5393840883958525,4.1149845498841815,0.424399538511671,0.6198833683743373,0.3325,0.007799220077992201,0.031196880311968805
stable_rank,coding,hallucination_prone,40,40,4.5393840883958525,4.128524124228226,0.41085996416762693,0.3988810458269525,0.22124999999999995,0.07629237076292371,0.15258474152584742
stable_rank,reasoning,hallucination_prone,40,40,4.1149845498841815,4.128524124228226,-0.01353957434404407,-0.015117791083790274,-0.02375000000000005,0.9488051194880512,0.9488051194880512
