metric,label_a,label_b,n_a,n_b,mean_a,mean_b,diff,cohens_d,cliffs_delta,perm_p,perm_p_holm
spectral_gap,factual,coding,40,40,0.6234736380250888,0.7741263987519854,-0.1506527607268966,-1.4106166069355075,-0.6875,9.999000099990002e-05,0.0005999400059994001
spectral_gap,factual,reasoning,40,40,0.6234736380250888,0.766613927609949,-0.14314028958486014,-1.7335350087321226,-0.74,9.999000099990002e-05,0.0005999400059994001
spectral_gap,factual,hallucination_prone,40,40,0.6234736380250888,0.6839349822553362,-0.060461344230247405,-0.5404254064633037,-0.32375,0.016998300169983,0.033996600339966
spectral_gap,coding,reasoning,40,40,0.7741263987519854,0.766613927609949,0.007512471142036459,0.08729964266828559,0.0987499999999999,0.6916308369163083,0.6916308369163083
spectral_gap,coding,hallucination_prone,40,40,0.7741263987519854,0.6839349822553362,0.09019141649664919,0.7878925136393341,0.4175,0.0005999400059994001,0.0017998200179982003
spectral_gap,reasoning,hallucination_prone,40,40,0.766613927609949,0.6839349822553362,0.08267894535461273,0.8959506450375238,0.4950000000000001,0.00019998000199980003,0.0007999200079992001
