metric,label_a,label_b,n_a,n_b,mean_a,mean_b,diff,cohens_d,cliffs_delta,perm_p,perm_p_holm
expansive_frac,factual,coding,200,200,0.8069836956521739,0.7997010869565219,0.007282608695652004,0.3748229181477857,0.206075,0.0005999400059994001,0.0017998200179982003
expansive_frac,factual,reasoning,200,200,0.8069836956521739,0.8010869565217391,0.005896739130434758,0.2670078216712307,0.19337500000000007,0.008399160083991601,0.016798320167983202
expansive_frac,factual,hallucination_prone,200,200,0.8069836956521739,0.8140760869565217,-0.0070923913043478,-0.36595533836599486,-0.216125,9.999000099990002e-05,0.0005999400059994001
expansive_frac,coding,reasoning,200,200,0.7997010869565219,0.8010869565217391,-0.001385869565217246,-0.06293115932019261,-0.00019999999999997797,0.5402459754024598,0.5402459754024598
expansive_frac,coding,hallucination_prone,200,200,0.7997010869565219,0.8140760869565217,-0.014374999999999805,-0.7444636162421399,-0.406875,9.999000099990002e-05,0.0005999400059994001
expansive_frac,reasoning,hallucination_prone,200,200,0.8010869565217391,0.8140760869565217,-0.012989130434782559,-0.5909847798848189,-0.387575,9.999000099990002e-05,0.0005999400059994001
