metric,label_a,label_b,n_a,n_b,mean_a,mean_b,diff,cohens_d,cliffs_delta,perm_p,perm_p_holm
top1_prob,factual,coding,200,200,0.7989701233059168,0.5021163103729487,0.2968538129329681,1.8244948355130834,0.7642,9.999000099990002e-05,0.0005999400059994001
top1_prob,factual,reasoning,200,200,0.7989701233059168,0.6295519569516181,0.16941816635429863,0.8962227903448521,0.49275,9.999000099990002e-05,0.0005999400059994001
top1_prob,factual,hallucination_prone,200,200,0.7989701233059168,0.43180639736354354,0.36716372594237323,2.36861137245223,0.8656999999999999,9.999000099990002e-05,0.0005999400059994001
top1_prob,coding,reasoning,200,200,0.5021163103729487,0.6295519569516181,-0.12743564657866946,-0.7787940906753831,-0.41995000000000005,9.999000099990002e-05,0.0005999400059994001
top1_prob,coding,hallucination_prone,200,200,0.5021163103729487,0.43180639736354354,0.07030991300940514,0.5727488069114838,0.3460000000000001,9.999000099990002e-05,0.0005999400059994001
top1_prob,reasoning,hallucination_prone,200,200,0.6295519569516181,0.43180639736354354,0.1977455595880746,1.2677190204653423,0.61765,9.999000099990002e-05,0.0005999400059994001
