metric,label_a,label_b,n_a,n_b,mean_a,mean_b,diff,cohens_d,cliffs_delta,perm_p,perm_p_holm
chi_fisher_along_hidden_lead,factual,coding,40,40,559.5489976068318,538.7006772152878,20.848320391544007,0.03363002146015778,-0.23124999999999996,0.8895110488951105,0.8895110488951105
chi_fisher_along_hidden_lead,factual,reasoning,40,40,559.5489976068318,697.8797533189875,-138.33075571215568,-0.19541319462235673,-0.24375000000000002,0.39186081391860816,0.7837216278372163
chi_fisher_along_hidden_lead,factual,hallucination_prone,40,40,559.5489976068318,1995.684386336743,-1436.1353887299113,-0.8620132483851469,-0.65625,9.999000099990002e-05,0.0005999400059994001
chi_fisher_along_hidden_lead,coding,reasoning,40,40,538.7006772152878,697.8797533189875,-159.17907610369969,-0.28520936228040766,-0.04749999999999999,0.20467953204679531,0.6140385961403859
chi_fisher_along_hidden_lead,coding,hallucination_prone,40,40,538.7006772152878,1995.684386336743,-1456.9837091214554,-0.9060215951887551,-0.61875,9.999000099990002e-05,0.0005999400059994001
chi_fisher_along_hidden_lead,reasoning,hallucination_prone,40,40,697.8797533189875,1995.684386336743,-1297.8046330177556,-0.7894076097957373,-0.5549999999999999,9.999000099990002e-05,0.0005999400059994001
