metric,label_a,label_b,n_a,n_b,mean_a,mean_b,diff,cohens_d,cliffs_delta,perm_p,perm_p_holm
lead_alignment,factual,coding,40,40,0.5065172816300436,0.3902291372282751,0.11628814440176849,0.46651892995246314,0.2662500000000001,0.0408959104089591,0.0817918208179182
lead_alignment,factual,reasoning,40,40,0.5065172816300436,0.28345845054837876,0.22305883108166485,0.8984539167625638,0.48875,0.00019998000199980003,0.0007999200079992001
lead_alignment,factual,hallucination_prone,40,40,0.5065172816300436,0.6409505809976859,-0.13443329936764226,-0.5099859115842508,-0.32375,0.025697430256974303,0.07709229077092292
lead_alignment,coding,reasoning,40,40,0.3902291372282751,0.28345845054837876,0.10677068667989636,0.43607040398516084,0.27125,0.0547945205479452,0.0817918208179182
lead_alignment,coding,hallucination_prone,40,40,0.3902291372282751,0.6409505809976859,-0.25072144376941075,-0.962901110008098,-0.5037499999999999,9.999000099990002e-05,0.0005999400059994001
lead_alignment,reasoning,hallucination_prone,40,40,0.28345845054837876,0.6409505809976859,-0.3574921304493071,-1.3780124305085104,-0.665,9.999000099990002e-05,0.0005999400059994001
