,sigma_max,sigma_max,lambda_max,lambda_max,lambda_bulk_pred,lambda_bulk_pred,stable_rank,stable_rank,spectral_gap,spectral_gap,participation_ratio_topk,participation_ratio_topk,leading_over_rms,leading_over_rms,conv_residual,conv_residual,entropy,entropy,top1_prob,top1_prob,chi_fisher_max,chi_fisher_max,chi_fisher_along_hidden_lead,chi_fisher_along_hidden_lead,lead_alignment,lead_alignment
,mean,std,mean,std,mean,std,mean,std,mean,std,mean,std,mean,std,mean,std,mean,std,mean,std,mean,std,mean,std,mean,std
label,,,,,,,,,,,,,,,,,,,,,,,,,,
coding,704.25065,95.71257,0.28472,0.00565,0.09168,0.00468,4.53938,0.85299,0.77413,0.10951,3.82276,0.41211,85.21734,9.06451,0.001,0.00174,1.69788,0.42961,0.42052,0.12431,1330.00677,612.67541,538.70068,441.24769,0.39023,0.24586
factual,914.67053,248.31965,0.29517,0.01035,0.09619,0.0074,3.49871,0.90702,0.62347,0.10401,3.03971,0.59561,97.96198,12.48505,0.00257,0.00542,0.79367,0.64086,0.80315,0.1972,1110.94715,1021.26804,559.549,757.5826,0.50652,0.25263
hallucination_prone,865.34057,187.62802,0.2931,0.00909,0.09747,0.00474,4.12852,1.18082,0.68393,0.11922,3.5653,0.67791,91.07176,14.67109,0.00333,0.00885,2.09732,0.36628,0.41657,0.11528,2848.8453,2280.90408,1995.68439,2230.9965,0.64095,0.27413
reasoning,717.31311,67.88502,0.28569,0.00427,0.09079,0.00388,4.11498,0.45813,0.76661,0.05308,3.89502,0.24764,88.64618,5.49052,0.00288,0.00927,1.12333,0.29828,0.65894,0.12274,2045.15156,884.26437,697.87975,654.43174,0.28346,0.24383
