,sigma_max,sigma_max,lambda_max,lambda_max,lambda_bulk_pred,lambda_bulk_pred,stable_rank,stable_rank,spectral_gap,spectral_gap,participation_ratio_topk,participation_ratio_topk,leading_over_rms,leading_over_rms,conv_residual,conv_residual,entropy,entropy,top1_prob,top1_prob,chi_fisher_max,chi_fisher_max,chi_fisher_along_hidden_lead,chi_fisher_along_hidden_lead,lead_alignment,lead_alignment
,mean,std,mean,std,mean,std,mean,std,mean,std,mean,std,mean,std,mean,std,mean,std,mean,std,mean,std,mean,std,mean,std
label,,,,,,,,,,,,,,,,,,,,,,,,,,
coding,4446.87413,866.28041,0.34928,0.0077,0.16039,0.00473,3.86938,1.12389,0.73056,0.13238,3.54234,0.67489,94.2527,15.66765,0.00097,0.00203,1.69788,0.42961,0.42052,0.12431,1330.00677,612.67541,478.79799,415.21162,0.36176,0.24474
factual,4840.37763,1126.68276,0.35248,0.00944,0.16088,0.00524,3.39887,1.01714,0.6359,0.13903,3.15727,0.79815,100.52292,15.96474,0.00303,0.0043,0.79367,0.64086,0.80315,0.1972,1110.94715,1021.26804,500.53243,638.08477,0.50082,0.25781
hallucination_prone,5256.26802,1065.61783,0.35615,0.00832,0.16571,0.00436,3.58283,1.07952,0.69967,0.14067,3.33422,0.70751,97.75032,15.15254,0.00176,0.00264,2.09732,0.36628,0.41657,0.11528,2848.8453,2280.90408,1624.84154,2095.72237,0.5335,0.28498
reasoning,5633.46131,1240.71576,0.35874,0.0101,0.16498,0.0052,3.03075,0.82578,0.60058,0.13582,3.12299,0.71215,105.60707,14.52474,0.00132,0.00251,1.12333,0.29828,0.65894,0.12274,2045.15156,884.26437,370.19328,207.49723,0.22828,0.21225
