label,mean_entropy,mean_top1_prob,mean_sigma_max,mean_stable_rank,mean_spectral_gap,mean_chi_fisher_max,mean_lambda_bulk_pred,mean_lambda_max,diff_entropy,diff_top1_prob,diff_sigma_max,diff_stable_rank,diff_spectral_gap,diff_chi_fisher_max,diff_lambda_bulk_pred,diff_lambda_max
factual,0.7936723450198769,0.8031528949737549,4840.377630889352,3.3988657393968973,0.6358959550154962,1110.9471525879922,0.16088224259126474,0.35247651714933675,0.0,0.0,0.0,0.0,0.0,0.0,0.0,0.0
coding,1.6978848546743393,0.42052297927439214,4446.874129053923,3.8693819821163786,0.730555180771973,1330.0067657539967,0.16039034505223537,0.34928177020271844,0.9042125096544623,-0.3826299156993627,-393.50350183542923,0.47051624271948134,0.09465922575647678,219.0596131660045,-0.0004918975390293678,-0.00319474694661831
reasoning,1.1233264356851578,0.6589414961636066,5633.461313950008,3.0307470362833575,0.6005775084641907,2045.1515624568092,0.1649761920397988,0.3587352575172253,0.32965409066528084,-0.14421139881014822,793.0836830606559,-0.3681187031135398,-0.03531844655130556,934.204409868817,0.004093949448534057,0.006258740367888538
hallucination_prone,2.0973174393177034,0.41656792126595976,5256.268021109027,3.582832430309284,0.699667028036787,2848.84530094674,0.16570822436127644,0.35615078951992307,1.3036450942978264,-0.3865849737077951,415.8903902196753,0.1839666909123867,0.06377107302129081,1737.8981483587477,0.0048259817700117,0.003674272370586318
