metric,label_a,label_b,n_a,n_b,mean_a,mean_b,diff,cohens_d,cliffs_delta,perm_p,perm_p_holm
lead_alignment,factual,coding,40,40,0.5008212488249836,0.361755304350105,0.13906594447487858,0.5532509818865471,0.31125,0.0170982901709829,0.0347965203479652
lead_alignment,factual,reasoning,40,40,0.5008212488249836,0.22827540196664037,0.2725458468583432,1.1541961673938876,0.6225,9.999000099990002e-05,0.0005999400059994001
lead_alignment,factual,hallucination_prone,40,40,0.5008212488249836,0.5334954123112913,-0.032674163486307695,-0.12024240101179316,-0.07374999999999998,0.5888411158884111,0.5888411158884111
lead_alignment,coding,reasoning,40,40,0.361755304350105,0.22827540196664037,0.13347990238346463,0.5826925661780419,0.3387500000000001,0.0115988401159884,0.0347965203479652
lead_alignment,coding,hallucination_prone,40,40,0.361755304350105,0.5334954123112913,-0.17174010796118627,-0.646555068122276,-0.35124999999999995,0.005699430056994301,0.022797720227977204
lead_alignment,reasoning,hallucination_prone,40,40,0.22827540196664037,0.5334954123112913,-0.3052200103446509,-1.2147457573337361,-0.56375,9.999000099990002e-05,0.0005999400059994001
