metric,label_a,label_b,n_a,n_b,mean_a,mean_b,diff,cohens_d,cliffs_delta,perm_p,perm_p_holm
lambda_max,factual,coding,40,40,0.35247651714933675,0.34928177020271844,0.00319474694661831,0.3709069357777477,0.2137500000000001,0.09319068093190681,0.1997800219978002
lambda_max,factual,reasoning,40,40,0.35247651714933675,0.3587352575172253,-0.006258740367888538,-0.6403672653539476,-0.38249999999999995,0.005099490050994901,0.020397960203979604
lambda_max,factual,hallucination_prone,40,40,0.35247651714933675,0.35615078951992307,-0.003674272370586318,-0.4130280361125702,-0.22750000000000004,0.0665933406659334,0.1997800219978002
lambda_max,coding,reasoning,40,40,0.34928177020271844,0.3587352575172253,-0.009453487314506848,-1.0529781434079148,-0.53625,9.999000099990002e-05,0.0005999400059994001
lambda_max,coding,hallucination_prone,40,40,0.34928177020271844,0.35615078951992307,-0.006869019317204628,-0.8571890241623157,-0.46499999999999997,0.0005999400059994001,0.0029997000299970002
lambda_max,reasoning,hallucination_prone,40,40,0.3587352575172253,0.35615078951992307,0.00258446799730222,0.2794222629508141,0.21750000000000003,0.21597840215978403,0.21597840215978403
