metric,label_a,label_b,n_a,n_b,mean_a,mean_b,diff,cohens_d,cliffs_delta,perm_p,perm_p_holm
stable_rank,factual,coding,40,40,3.3988657393968964,3.8693819821163786,-0.4705162427194822,-0.4389775317215586,-0.23250000000000004,0.050794920507949204,0.20317968203179682
stable_rank,factual,reasoning,40,40,3.3988657393968964,3.030747036283357,0.36811870311353934,0.39735801018582534,0.24,0.07829217078292171,0.2348765123487651
stable_rank,factual,hallucination_prone,40,40,3.3988657393968964,3.582832430309284,-0.1839666909123876,-0.1754074809401383,-0.07499999999999996,0.42775722427757223,0.49375062493750627
stable_rank,coding,reasoning,40,40,3.8693819821163786,3.030747036283357,0.8386349458330216,0.8504010006540095,0.4225000000000001,9.999000099990002e-05,0.0005999400059994001
stable_rank,coding,hallucination_prone,40,40,3.8693819821163786,3.582832430309284,0.2865495518070946,0.26004363174983436,0.15874999999999995,0.24687531246875313,0.49375062493750627
stable_rank,reasoning,hallucination_prone,40,40,3.030747036283357,3.582832430309284,-0.5520853940259269,-0.5744536686360318,-0.30125,0.012398760123987601,0.061993800619938005
