metric,label_a,label_b,n_a,n_b,mean_a,mean_b,diff,cohens_d,cliffs_delta,perm_p,perm_p_holm
lambda_bulk_pred,factual,coding,40,40,0.16088224259126474,0.1603903450522354,0.0004918975390293401,0.09851383185284456,0.08125000000000004,0.6673332666733327,0.9877012298770123
lambda_bulk_pred,factual,reasoning,40,40,0.16088224259126474,0.1649761920397988,-0.004093949448534057,-0.7838649157054759,-0.45875,0.0006999300069993001,0.0020997900209979003
lambda_bulk_pred,factual,hallucination_prone,40,40,0.16088224259126474,0.16570822436127644,-0.0048259817700117,-1.0014690896033474,-0.5762499999999999,9.999000099990002e-05,0.0005999400059994001
lambda_bulk_pred,coding,reasoning,40,40,0.1603903450522354,0.1649761920397988,-0.004585846987563397,-0.9220076114351966,-0.46625000000000005,9.999000099990002e-05,0.0005999400059994001
lambda_bulk_pred,coding,hallucination_prone,40,40,0.1603903450522354,0.16570822436127644,-0.00531787930904104,-1.1693221715352353,-0.59625,9.999000099990002e-05,0.0005999400059994001
lambda_bulk_pred,reasoning,hallucination_prone,40,40,0.1649761920397988,0.16570822436127644,-0.0007320323214776436,-0.15254559222655692,-0.04249999999999998,0.4938506149385061,0.9877012298770123
