,sigma_max,sigma_max,lambda_max,lambda_max,lambda_bulk_pred,lambda_bulk_pred,stable_rank,stable_rank,spectral_gap,spectral_gap,participation_ratio_topk,participation_ratio_topk,leading_over_rms,leading_over_rms,conv_residual,conv_residual,entropy,entropy,top1_prob,top1_prob,chi_fisher_max,chi_fisher_max,chi_fisher_along_hidden_lead,chi_fisher_along_hidden_lead,lead_alignment,lead_alignment
,mean,std,mean,std,mean,std,mean,std,mean,std,mean,std,mean,std,mean,std,mean,std,mean,std,mean,std,mean,std,mean,std
label,,,,,,,,,,,,,,,,,,,,,,,,,,
coding,1334.73249,866.53852,0.20171,0.01473,0.06115,0.00458,4.56816,2.29811,0.65992,0.20828,2.28286,0.54515,148.33358,72.61961,0.00845,0.01064,0.91311,0.30093,0.61737,0.13549,331.13582,262.4139,218.61662,243.00972,0.61763,0.26847
factual,1194.556,651.04118,0.19974,0.01237,0.06129,0.00616,4.80507,2.08442,0.68044,0.16086,2.37441,0.48806,131.1361,36.80149,0.002,0.0021,0.00337,0.0058,0.99958,0.00075,6.48385,14.70038,5.52042,13.80734,0.40123,0.32235
hallucination_prone,1148.79194,475.474,0.19931,0.01132,0.06643,0.00362,7.34199,3.79004,0.72925,0.14709,2.51271,0.39844,108.42935,31.08284,0.01838,0.03084,0.87865,0.22431,0.64874,0.15598,526.57337,236.34201,288.91151,280.20374,0.53522,0.37015
reasoning,1054.11713,552.10668,0.19668,0.01062,0.06436,0.00656,6.97047,1.92645,0.80575,0.10864,2.73171,0.33199,104.05515,19.51023,0.00529,0.00518,0.71969,0.12909,0.68177,0.1296,688.81296,223.44875,235.10636,213.68291,0.43836,0.29128
